"Qty";"Value";"Device";"Package";"Parts";"Description";"ARROW_PART_NUMBER";"ARROW_PRICE-STOCK";"CREATED_BY";"DESCRIPTION";"DIGIKEY_PART_NUMBER";"HEIGHT";"MANUFACTURER";"MANUFACTURER_NAME";"MANUFACTURER_PART_NUMBER";"MF";"MOUSER_PART_NUMBER";"MOUSER_PRICE-STOCK";"MPN";"OC_FARNELL";"OC_NEWARK";"PACKAGE";"POPULARITY";"SPICEPREFIX";
"2";"";"CONN_04SMD_2.54";"1X04_5.5MM_STRAIGHT";"J3, J4";"Multi connection point. Often used as Generic Header-pin footprint for 0.1 inch spaced/style header connections";"";"";"";"";"";"";"";"";"";"";"";"";"";"";"";"";"";"";
"2";"";"I2C_STANDARD";"1X04";"J1, J2";"SparkFun I2C Standard Pinout Header";"";"";"";"";"";"";"";"";"";"";"";"";"";"";"";"";"";"";
"1";"0.1uF";"C-USC0603";"C0603";"C1";"CAPACITOR, American symbol";"";"";"";"";"";"";"";"";"";"";"";"";"";"";"";"";"37";"C";
"1";"10uF";"C-USC0603";"C0603";"C2";"CAPACITOR, American symbol";"";"";"";"";"";"";"";"";"";"";"";"";"";"";"";"";"37";"C";
"1";"14_SEGMENT_TRIPLE_COMMONANODE14_SEGMENT_TRIPLE_COMMONANODE";"14_SEGMENT_TRIPLE_COMMONANODE14_SEGMENT_TRIPLE_COMMONANODE";"SEGMENT_TRIPLE_14";"DS1";"";"";"";"";"";"";"";"";"";"";"";"";"";"";"";"";"";"";"";
"1";"1N4148WS";"1N4148WS";"SOD-323";"D1";"DIODE GEN PURP 75V 150MA SOD323F";"";"";"PCBLayout.com";"";"1N4148WSFSTR-ND";"";"Diodes Incorporated";"";"";"";"";"";"1N4148WS";"";"";"SOD-323";"";"";
"4";"220";"R-US_R0603";"R0603";"R1, R2, R3, R4";"RESISTOR, American symbol";"";"";"";"";"";"";"";"";"";"";"";"";"";"";"";"";"77";"R";
"3";"39k";"R-US_R0603";"R0603";"R7, R8, R9";"RESISTOR, American symbol";"";"";"";"";"";"";"";"";"";"";"";"";"";"";"";"";"77";"R";
"2";"4.7k";"R-US_R0603";"R0603";"R5, R6";"RESISTOR, American symbol";"";"";"";"";"";"";"";"";"";"";"";"";"";"";"";"";"77";"R";
"10";"7-SEG_SA56-11";"7-SEG_SA56-11";"SA56-11";"DS2, DS3, DS4, DS5, DS6, DS7, DS8, DS9, DS10, DS11";"Kingbright 14.2mm (0.56 INCH) SINGLE DIGIT NUMERIC DUISPLAY";"";"";"";"";"";"";"";"";"";"";"";"";"";"unknown";"unknown";"";"";"";
"1";"HT16K33-28SOP";"HT16K33-28SOP";"SOIC127P1031X264-28N";"IC1";"Key-in LED Control Driver RAM I2C 28SOP Holtek HT16K33-28SOP, LED Driver 16-Segments, 5 V, 28-Pin SOP";"HT16K33-28SOP";"";"";"Key-in LED Control Driver RAM I2C 28SOP Holtek HT16K33-28SOP, LED Driver 16-Segments, 5 V, 28-Pin SOP";"";"2.64mm";"";"Holtek";"HT16K33-28SOP";"";"";"";"";"";"";"";"";"";
"5";"JUMPER-SMT_2_NO_SILK";"JUMPER-SMT_2_NO_SILK";"SMT-JUMPER_2_NO_SILK";"JP1, JP2, JP3, JP4, JP5";"Normally open jumper";"";"";"";"";"";"";"";"";"";"";"";"";"";"";"";"";"";"";
"1";"OSHW-LOGOL";"OSHW-LOGOL";"OSHW-LOGO-L";"LOGO1";"Open-Source Hardware (OSHW) Logo";"";"";"";"";"";"";"";"";"";"";"";"";"";"";"";"";"";"";
"4";"WP132XGD";"WP132XGD";"WP132XGD";"LED1AM, LED2PM, LED3, LED4";"LED Uni-Color Green 565nm 2-Pin T-1 Bag";"WP132XGD";"https://www.arrow.com/en/products/wp132xgd/kingbright";"";"LED Uni-Color Green 565nm 2-Pin T-1 Bag";"";"mm";"";"Kingbright";"WP132XGD";"";"604-WP132XGD";"https://www.mouser.com/Search/Refine.aspx?Keyword=604-WP132XGD";"";"";"";"";"";"";
